<?xml version="1.0" encoding="UTF-8"?>
<!DOCTYPE plist PUBLIC "-//Apple//DTD PLIST 1.0//EN" "http://www.apple.com/DTDs/PropertyList-1.0.dtd">
<plist version="1.0">
<dict>
	<key>files</key>
	<dict>
		<key>Resources/Data/Managed/Assembly-CSharp.dll</key>
		<data>
		ZbEKE3dVpv7C1IGQC5Um6biFN7Y=
		</data>
		<key>Resources/Data/Managed/Cinemachine.dll</key>
		<data>
		cSGJdbkqNHbAwionzfhJc0U2YOw=
		</data>
		<key>Resources/Data/Managed/Mono.Security.dll</key>
		<data>
		2kcIyC0GtYD+j3P/Pqtx0iOjK4E=
		</data>
		<key>Resources/Data/Managed/Newtonsoft.Json.dll</key>
		<data>
		1CRb2OpXbEJQlQszfV0QR8EscDo=
		</data>
		<key>Resources/Data/Managed/System.ComponentModel.Composition.dll</key>
		<data>
		3rKB6Pz2srC7UtnQcqVKDhqQqio=
		</data>
		<key>Resources/Data/Managed/System.Configuration.dll</key>
		<data>
		JCcjvr9E7grsTRpy276N3LSHrcE=
		</data>
		<key>Resources/Data/Managed/System.Core.dll</key>
		<data>
		ck+hG7N6S/4te61PSiHkXo41cpw=
		</data>
		<key>Resources/Data/Managed/System.Data.DataSetExtensions.dll</key>
		<data>
		BZcheJAzjuBBXysw617s6Pz0r+A=
		</data>
		<key>Resources/Data/Managed/System.Data.dll</key>
		<data>
		LxfhNJdjie+f7Od/wXEB9cvp1WA=
		</data>
		<key>Resources/Data/Managed/System.Drawing.dll</key>
		<data>
		k/JL0beZiVtMaijpW79jStrMm/0=
		</data>
		<key>Resources/Data/Managed/System.EnterpriseServices.dll</key>
		<data>
		E9oYS2qpNAB5cVdAjyjAMTMZAzU=
		</data>
		<key>Resources/Data/Managed/System.IO.Compression.FileSystem.dll</key>
		<data>
		WV99185WCfmKbU5linuXapK4aCw=
		</data>
		<key>Resources/Data/Managed/System.IO.Compression.dll</key>
		<data>
		CVXHkXcYxpJdrxJXRig1tM9AuS4=
		</data>
		<key>Resources/Data/Managed/System.Net.Http.dll</key>
		<data>
		MD9eO7Zf7mdNOvAQs4QHRWfLxNM=
		</data>
		<key>Resources/Data/Managed/System.Numerics.dll</key>
		<data>
		rXw+uaRFkqYH7out/VbLtmCWgjk=
		</data>
		<key>Resources/Data/Managed/System.Runtime.Serialization.dll</key>
		<data>
		keJ+bbfhAUdMmWxQ94I95RaDaX4=
		</data>
		<key>Resources/Data/Managed/System.Runtime.dll</key>
		<data>
		nfQKJ5UuCcPs+exjKyfhfwokuU8=
		</data>
		<key>Resources/Data/Managed/System.Security.dll</key>
		<data>
		sAeRrcq7hF0Vwve8ZL9dkWvS20M=
		</data>
		<key>Resources/Data/Managed/System.ServiceModel.Internals.dll</key>
		<data>
		s4UEGXo79hybrFtNFOxo2SU+wdo=
		</data>
		<key>Resources/Data/Managed/System.Transactions.dll</key>
		<data>
		tRmcsAn3wx/BsdkXmfZH/ZPMXow=
		</data>
		<key>Resources/Data/Managed/System.Xml.Linq.dll</key>
		<data>
		It77cf1YpufypVrfFcK2zBDC7RE=
		</data>
		<key>Resources/Data/Managed/System.Xml.dll</key>
		<data>
		5kbVR+asRN2xgLmN87+Ov1d+Wpg=
		</data>
		<key>Resources/Data/Managed/System.dll</key>
		<data>
		bVi5TyyAdnlAkf72++pRXBtKtus=
		</data>
		<key>Resources/Data/Managed/Unity.2D.Animation.Runtime.dll</key>
		<data>
		4/XVOaSNJbfRBSOX6grHWLLWWXo=
		</data>
		<key>Resources/Data/Managed/Unity.2D.Common.Runtime.dll</key>
		<data>
		+iCRVG2eqlJY9MSHEIV2npijCK8=
		</data>
		<key>Resources/Data/Managed/Unity.2D.IK.Runtime.dll</key>
		<data>
		vuEfhBHE3msebgOcQaWbUshn8pg=
		</data>
		<key>Resources/Data/Managed/Unity.2D.PixelPerfect.dll</key>
		<data>
		BlKxwUL/F8uYJWGp23AKuz4KHG8=
		</data>
		<key>Resources/Data/Managed/Unity.2D.SpriteShape.Runtime.dll</key>
		<data>
		F4D6zaLbH89mKc5YCpp5nL0ECU8=
		</data>
		<key>Resources/Data/Managed/Unity.Burst.Cecil.Mdb.dll</key>
		<data>
		ulsFAe07DCrLXEvFSPWZ23YFtQ8=
		</data>
		<key>Resources/Data/Managed/Unity.Burst.Cecil.Pdb.dll</key>
		<data>
		tH6XUtiUuCkSb1CdzddpMKlexpo=
		</data>
		<key>Resources/Data/Managed/Unity.Burst.Cecil.Rocks.dll</key>
		<data>
		J3G09FR7X9+LBx07itnub4pT4RA=
		</data>
		<key>Resources/Data/Managed/Unity.Burst.Cecil.dll</key>
		<data>
		XtvXBdaVcxZ6d5lIuRmmzUTSsO4=
		</data>
		<key>Resources/Data/Managed/Unity.Burst.Unsafe.dll</key>
		<data>
		OzTLs/dqc+LxRXHBBSAtxfFH2Ds=
		</data>
		<key>Resources/Data/Managed/Unity.Burst.dll</key>
		<data>
		1CwRRAc0jBy0FQ3MI4YZWk4diLA=
		</data>
		<key>Resources/Data/Managed/Unity.InternalAPIEngineBridge.001.dll</key>
		<data>
		i+H9azO9OlXvjwRpz5mQIEW4kNU=
		</data>
		<key>Resources/Data/Managed/Unity.Mathematics.dll</key>
		<data>
		VgmB8lHocdHczqRCl4H+kDM0d+k=
		</data>
		<key>Resources/Data/Managed/Unity.TextMeshPro.dll</key>
		<data>
		jSCJvGFPhzFblFjOfx6Q3yH0diU=
		</data>
		<key>Resources/Data/Managed/Unity.Timeline.dll</key>
		<data>
		cWRz3iM3VTxMuuAHY+rrkHHw6eI=
		</data>
		<key>Resources/Data/Managed/UnityEngine.AIModule.dll</key>
		<data>
		xspXtAwxNyHV9uQaoRdAVJf9TpY=
		</data>
		<key>Resources/Data/Managed/UnityEngine.ARModule.dll</key>
		<data>
		yA4FJeS8f0GmNFMBlpLOftdyqkw=
		</data>
		<key>Resources/Data/Managed/UnityEngine.AccessibilityModule.dll</key>
		<data>
		nvoxzfb7vq1ABK7GhmRA5TsqBAs=
		</data>
		<key>Resources/Data/Managed/UnityEngine.AndroidJNIModule.dll</key>
		<data>
		jEpz+ntypXHRzJu9R4H7NK6wumM=
		</data>
		<key>Resources/Data/Managed/UnityEngine.AnimationModule.dll</key>
		<data>
		8zaar6FsozlayuLn8h//ptL5Idc=
		</data>
		<key>Resources/Data/Managed/UnityEngine.AssetBundleModule.dll</key>
		<data>
		Q3TMDxdMl2wbyubnrlQnoNF1IAo=
		</data>
		<key>Resources/Data/Managed/UnityEngine.AudioModule.dll</key>
		<data>
		MjKLtMst3gz9+jqYHzO6q+HKg2k=
		</data>
		<key>Resources/Data/Managed/UnityEngine.ClothModule.dll</key>
		<data>
		E+9I16Vtma57yNII4Q3NWAzZqms=
		</data>
		<key>Resources/Data/Managed/UnityEngine.ClusterInputModule.dll</key>
		<data>
		deRlBEZK/MH2nr2gktaeC8qAjWI=
		</data>
		<key>Resources/Data/Managed/UnityEngine.ClusterRendererModule.dll</key>
		<data>
		AZ7QgHS5iUPLJQiXa3njhHYmn84=
		</data>
		<key>Resources/Data/Managed/UnityEngine.CoreModule.dll</key>
		<data>
		/Q8o/sXbBp3VkA/pFrV70tC3M/U=
		</data>
		<key>Resources/Data/Managed/UnityEngine.CrashReportingModule.dll</key>
		<data>
		w4wGqzJNAAtfY8vzeLwVomqPWTA=
		</data>
		<key>Resources/Data/Managed/UnityEngine.DSPGraphModule.dll</key>
		<data>
		y9pg3O9F8oW3+er896F2z0WZXcM=
		</data>
		<key>Resources/Data/Managed/UnityEngine.DirectorModule.dll</key>
		<data>
		MC2CdjOeVDqDgG+jK7mQfDxiXlA=
		</data>
		<key>Resources/Data/Managed/UnityEngine.GIModule.dll</key>
		<data>
		BgV0ac+J8v3BFj5DUlKUcmJQz/0=
		</data>
		<key>Resources/Data/Managed/UnityEngine.GameCenterModule.dll</key>
		<data>
		h3eU5Aj7sBvjrZmr75q+B19RaLY=
		</data>
		<key>Resources/Data/Managed/UnityEngine.GridModule.dll</key>
		<data>
		LXLj+hCZ3zIZ9h6tA9OKL8DB2KY=
		</data>
		<key>Resources/Data/Managed/UnityEngine.HotReloadModule.dll</key>
		<data>
		xMMYlXlEsaMGYPBf85w6+5XRRwM=
		</data>
		<key>Resources/Data/Managed/UnityEngine.IMGUIModule.dll</key>
		<data>
		cnh7Kn0gUvCyCnDEW3mX1eB+ubg=
		</data>
		<key>Resources/Data/Managed/UnityEngine.ImageConversionModule.dll</key>
		<data>
		1wRnSE14wTV0tFZhDDT8l+h2IGc=
		</data>
		<key>Resources/Data/Managed/UnityEngine.InputLegacyModule.dll</key>
		<data>
		h87zhpcmdI4mujqrVNt0y1gUgpk=
		</data>
		<key>Resources/Data/Managed/UnityEngine.InputModule.dll</key>
		<data>
		iy6CkujNLezIjyrce+rZr+WgMg8=
		</data>
		<key>Resources/Data/Managed/UnityEngine.JSONSerializeModule.dll</key>
		<data>
		awEKJlwvvZdLlhMbM9ZHaspuIbI=
		</data>
		<key>Resources/Data/Managed/UnityEngine.LocalizationModule.dll</key>
		<data>
		wPaubGmRYGl8zwWnUBSfebmtzKQ=
		</data>
		<key>Resources/Data/Managed/UnityEngine.ParticleSystemModule.dll</key>
		<data>
		FJdjRTfd2qmnjBtzqJRAw0hOEXY=
		</data>
		<key>Resources/Data/Managed/UnityEngine.PerformanceReportingModule.dll</key>
		<data>
		Hm6rCABw1GemmEGCQxMfAb08iuc=
		</data>
		<key>Resources/Data/Managed/UnityEngine.Physics2DModule.dll</key>
		<data>
		1C69L4kGl8oFV8caOaMo05aS5iQ=
		</data>
		<key>Resources/Data/Managed/UnityEngine.PhysicsModule.dll</key>
		<data>
		fd9ebMQsmLx3vsM7Wmhtgv2aWOc=
		</data>
		<key>Resources/Data/Managed/UnityEngine.ProfilerModule.dll</key>
		<data>
		ey2MnHwxmysAwJ/lu9TNTS/wA6o=
		</data>
		<key>Resources/Data/Managed/UnityEngine.RuntimeInitializeOnLoadManagerInitializerModule.dll</key>
		<data>
		kMFaE+HxaLKfCboLadjeIwKkY98=
		</data>
		<key>Resources/Data/Managed/UnityEngine.ScreenCaptureModule.dll</key>
		<data>
		mRoXSytDy/RDquDRST/0HgZameI=
		</data>
		<key>Resources/Data/Managed/UnityEngine.SharedInternalsModule.dll</key>
		<data>
		ldH+UIT2loQHHBXK+RjEDI+9mJ8=
		</data>
		<key>Resources/Data/Managed/UnityEngine.SpriteMaskModule.dll</key>
		<data>
		L8bjwHPHXsafTrIhUyywKXPxXNc=
		</data>
		<key>Resources/Data/Managed/UnityEngine.SpriteShapeModule.dll</key>
		<data>
		4c6L1enhsz9b6wMdLUWKtgvX0ZE=
		</data>
		<key>Resources/Data/Managed/UnityEngine.StreamingModule.dll</key>
		<data>
		LzfBqsQmHTxmMoZmubJkVxcMlpY=
		</data>
		<key>Resources/Data/Managed/UnityEngine.SubstanceModule.dll</key>
		<data>
		sNb7VtQRqchcj7gdL97sCyiIJOc=
		</data>
		<key>Resources/Data/Managed/UnityEngine.SubsystemsModule.dll</key>
		<data>
		MhUwaMcD2ln3mMVBr86iOk3khlA=
		</data>
		<key>Resources/Data/Managed/UnityEngine.TLSModule.dll</key>
		<data>
		+CRsIhlBGCSGdbYcY7sVgaC+hpU=
		</data>
		<key>Resources/Data/Managed/UnityEngine.TerrainModule.dll</key>
		<data>
		7AIqlV/raRTthSwIdhlzWuRb9QA=
		</data>
		<key>Resources/Data/Managed/UnityEngine.TerrainPhysicsModule.dll</key>
		<data>
		RxvdD7c4OCGI9io4T2rRfUkapNo=
		</data>
		<key>Resources/Data/Managed/UnityEngine.TextCoreFontEngineModule.dll</key>
		<data>
		HvAZ9b9Aeg/7PxpreljBwuBZWxg=
		</data>
		<key>Resources/Data/Managed/UnityEngine.TextCoreTextEngineModule.dll</key>
		<data>
		LPWirvBtArRt+tPkrk72iD9f8HI=
		</data>
		<key>Resources/Data/Managed/UnityEngine.TextRenderingModule.dll</key>
		<data>
		E3uXFio66nrFIC1FG5Df+CowZpk=
		</data>
		<key>Resources/Data/Managed/UnityEngine.TilemapModule.dll</key>
		<data>
		qzl04pIlvPEc1XmH1SM4KY0kGMM=
		</data>
		<key>Resources/Data/Managed/UnityEngine.UI.dll</key>
		<data>
		7A4w+JyDqthIjDvvJNCrK+P4lcU=
		</data>
		<key>Resources/Data/Managed/UnityEngine.UIElementsModule.dll</key>
		<data>
		C+nfwPThI2fWe2uuLvmnjPotZfk=
		</data>
		<key>Resources/Data/Managed/UnityEngine.UIElementsNativeModule.dll</key>
		<data>
		g8wPNp0EvCl4ZqciRzMjkFBh9IM=
		</data>
		<key>Resources/Data/Managed/UnityEngine.UIModule.dll</key>
		<data>
		LMxIW5Zh7J3zZ9f9l78SBowqqSw=
		</data>
		<key>Resources/Data/Managed/UnityEngine.UNETModule.dll</key>
		<data>
		nxtLteXY8987ZJYnRXkm/zUU35c=
		</data>
		<key>Resources/Data/Managed/UnityEngine.UaaLAnalyticsModule.dll</key>
		<data>
		u+zG3lCBSFPPKvg/lWx7oWCdyus=
		</data>
		<key>Resources/Data/Managed/UnityEngine.UmbraModule.dll</key>
		<data>
		sK7m82NNPau2+AQfLg7iNZhyMFo=
		</data>
		<key>Resources/Data/Managed/UnityEngine.UnityAnalyticsModule.dll</key>
		<data>
		vNNEty//hhbXhQ3excozMvicmp4=
		</data>
		<key>Resources/Data/Managed/UnityEngine.UnityConnectModule.dll</key>
		<data>
		ooDvbGP0DkymaK9gPKshJVaw6HM=
		</data>
		<key>Resources/Data/Managed/UnityEngine.UnityCurlModule.dll</key>
		<data>
		1nWk/pd96g5UFjXtHqqnEyg/xQM=
		</data>
		<key>Resources/Data/Managed/UnityEngine.UnityTestProtocolModule.dll</key>
		<data>
		Pcc7WLmph63uddNsausjIW+rQIk=
		</data>
		<key>Resources/Data/Managed/UnityEngine.UnityWebRequestAssetBundleModule.dll</key>
		<data>
		a0u0k5YYErjPYNRLnEewCMbdXYk=
		</data>
		<key>Resources/Data/Managed/UnityEngine.UnityWebRequestAudioModule.dll</key>
		<data>
		P25cKRnHMEtH/H9QlkQWYMXo0f8=
		</data>
		<key>Resources/Data/Managed/UnityEngine.UnityWebRequestModule.dll</key>
		<data>
		XKOv0U3w/JNHYC7hJhEGQ1Jb2qQ=
		</data>
		<key>Resources/Data/Managed/UnityEngine.UnityWebRequestTextureModule.dll</key>
		<data>
		mRLmAl43Tyyca+FZv+h5Ezq/iZA=
		</data>
		<key>Resources/Data/Managed/UnityEngine.UnityWebRequestWWWModule.dll</key>
		<data>
		vh54oOnIaPJZ7GkhkQiQ4WEtmWA=
		</data>
		<key>Resources/Data/Managed/UnityEngine.VFXModule.dll</key>
		<data>
		Eo8pL4heEQm2FC6G85F7/WtVrlk=
		</data>
		<key>Resources/Data/Managed/UnityEngine.VRModule.dll</key>
		<data>
		ACQgr/lF0VCnKUbZw+n01E6Es64=
		</data>
		<key>Resources/Data/Managed/UnityEngine.VehiclesModule.dll</key>
		<data>
		Ew2m5+rt1zTqoF8k2IUqoegkFwo=
		</data>
		<key>Resources/Data/Managed/UnityEngine.VideoModule.dll</key>
		<data>
		aiztMMUeUbsU6X90i0T3R+m4CDs=
		</data>
		<key>Resources/Data/Managed/UnityEngine.VirtualTexturingModule.dll</key>
		<data>
		QspJM5miHlP6gvLdhipFw/ZsqtI=
		</data>
		<key>Resources/Data/Managed/UnityEngine.WindModule.dll</key>
		<data>
		yO2Uxk6ttJd+nw1psOZdseET8Os=
		</data>
		<key>Resources/Data/Managed/UnityEngine.XRModule.dll</key>
		<data>
		Y+S6ywFrvJXfVVsDyezb0XDHmRY=
		</data>
		<key>Resources/Data/Managed/UnityEngine.dll</key>
		<data>
		2sB4JREoEqykj4mDWDLQiqFJ2Cg=
		</data>
		<key>Resources/Data/Managed/clipper_library.dll</key>
		<data>
		PUz5u4vXb8eiVPkc5Z1eVS/9Iw0=
		</data>
		<key>Resources/Data/Managed/mscorlib.dll</key>
		<data>
		Q29xdvOoH3ujBfgVxGt/DP/M9QM=
		</data>
		<key>Resources/Data/Managed/netstandard.dll</key>
		<data>
		ZmdUTQu7ZBl0RHOuuCCoy2+KS58=
		</data>
		<key>Resources/Data/Resources/unity_builtin_extra</key>
		<data>
		4bPJkeWlmuPeWba+2BkaNdU0HeU=
		</data>
		<key>Resources/Data/RuntimeInitializeOnLoads.json</key>
		<data>
		OlcQmx65tTrNoT1ptNHhp0cMLXg=
		</data>
		<key>Resources/Data/ScriptingAssemblies.json</key>
		<data>
		QxupCro53QG8i1mnQxiIPL9s3Gg=
		</data>
		<key>Resources/Data/app.info</key>
		<data>
		59DYGN7QjHhRt0drxRItkrINoc8=
		</data>
		<key>Resources/Data/boot.config</key>
		<data>
		B1FkgzcuObgo+KTYpvPhPypgeyI=
		</data>
		<key>Resources/Data/globalgamemanagers</key>
		<data>
		olWvnNkrB2nmIft8doKLkKKAf7Y=
		</data>
		<key>Resources/Data/globalgamemanagers.assets</key>
		<data>
		eYHNoilrf1Yc6l6t5Ar2AxH5cY0=
		</data>
		<key>Resources/Data/level0</key>
		<data>
		9ml6Pw3C0I3vYljnJdAZhxxnwWA=
		</data>
		<key>Resources/Data/level1</key>
		<data>
		VVjHtlWNn9DrsnanQd5MpIQIVV8=
		</data>
		<key>Resources/Data/level2</key>
		<data>
		N0d6+7bC/Z+atYlCfK2U2RIu0tw=
		</data>
		<key>Resources/Data/level3</key>
		<data>
		liKgkFbIe5B+IDa19+fxiRZezuE=
		</data>
		<key>Resources/Data/level4</key>
		<data>
		JeQe2geLzj1CgzAEODFJqjgM5wg=
		</data>
		<key>Resources/Data/level5</key>
		<data>
		LpjrD5iqdgklnQ1y2gUX7soOuUA=
		</data>
		<key>Resources/Data/resources.assets</key>
		<data>
		RCTtwaDSGk/smwiHDQq0TnR9sjA=
		</data>
		<key>Resources/Data/resources.assets.resS</key>
		<data>
		ZqZbjxf1EQz8oJ3m7O7hFP/J8rM=
		</data>
		<key>Resources/Data/resources.resource</key>
		<data>
		VlK4SDIWEVvqTevrbeFCTb29hz0=
		</data>
		<key>Resources/Data/sharedassets0.assets</key>
		<data>
		y+dOi+0bpN4qBX9jZRo8+W0XLe4=
		</data>
		<key>Resources/Data/sharedassets0.assets.resS</key>
		<data>
		SfOtuhheDEUZmdiVcKuixbv6s58=
		</data>
		<key>Resources/Data/sharedassets0.resource</key>
		<data>
		BffJSUt9+pr3iQDfXtXw6Y1N42Q=
		</data>
		<key>Resources/Data/sharedassets1.assets</key>
		<data>
		3qevpI1ySteW3ueKFqDNPhlO7nY=
		</data>
		<key>Resources/Data/sharedassets1.assets.resS</key>
		<data>
		7yPchh0sPRcdczMt30HHgbwRN5E=
		</data>
		<key>Resources/Data/sharedassets2.assets</key>
		<data>
		yAT56ZFhUn2N/HytW7S0Qc88JIo=
		</data>
		<key>Resources/Data/sharedassets2.assets.resS</key>
		<data>
		CmL7xbZocooKRnjpbiVFHH4k1m0=
		</data>
		<key>Resources/Data/sharedassets3.assets</key>
		<data>
		qspqUpn75DCxTLy2xu9VoN/oTYY=
		</data>
		<key>Resources/Data/sharedassets4.assets</key>
		<data>
		Rh1NJ91W7S3ILoX9+K/lBkarOSc=
		</data>
		<key>Resources/Data/sharedassets4.assets.resS</key>
		<data>
		mVnI+FN7aSRr3j0qRU94i5CP4VE=
		</data>
		<key>Resources/Data/sharedassets5.assets</key>
		<data>
		gPTq5pK1ods8ZiH9EcA9VsiX8Hc=
		</data>
		<key>Resources/Data/sharedassets5.assets.resS</key>
		<data>
		bzrktUfZI+Vg3z0Saj8qzvZieVc=
		</data>
		<key>Resources/DefaultPreferences.plist</key>
		<data>
		3DR96mnSSgPY7DcLeXS3+p5xOMM=
		</data>
		<key>Resources/MainMenu.nib/designable.nib</key>
		<data>
		2IP4b7ubCnWV55RHCalaHT5vaGQ=
		</data>
		<key>Resources/MainMenu.nib/keyedobjects.nib</key>
		<data>
		0pKU0tdl1Ei4v7c0cAAQPj+MzEY=
		</data>
		<key>Resources/PlayerIcon.icns</key>
		<data>
		EirAgPg2WJCOWcvKUsESZUIPWRY=
		</data>
		<key>Resources/unity default resources</key>
		<data>
		DAbd0gYEnaWImuo2x2rKApuz5Ag=
		</data>
	</dict>
	<key>files2</key>
	<dict>
		<key>Frameworks/UnityPlayer.dylib</key>
		<dict>
			<key>cdhash</key>
			<data>
			ToM2WJVnElAoR5ITfbhkLe81Opk=
			</data>
			<key>requirement</key>
			<string>cdhash H"4e83365895671250284792137db8642def353a99" or cdhash H"8ebddb2763baccd20e19e11c28be6c17f18b5719"</string>
		</dict>
		<key>Frameworks/libMonoPosixHelper.dylib</key>
		<dict>
			<key>cdhash</key>
			<data>
			Q+AqZVoUmXhMEQkSXSDsrc1nN/w=
			</data>
			<key>requirement</key>
			<string>cdhash H"43e02a655a1499784c1109125d20ecadcd6737fc" or cdhash H"ff4164c921a524a638ac4768658030c6c4d08990"</string>
		</dict>
		<key>Frameworks/libmono-native.dylib</key>
		<dict>
			<key>cdhash</key>
			<data>
			Llxu7ox37rl8dS1gkxxU8uT5+5c=
			</data>
			<key>requirement</key>
			<string>cdhash H"2e5c6eee8c77eeb97c752d60931c54f2e4f9fb97" or cdhash H"2bbad7ee1d11a0b21a50ec947ea6fc43789d673e"</string>
		</dict>
		<key>Frameworks/libmonobdwgc-2.0.dylib</key>
		<dict>
			<key>cdhash</key>
			<data>
			RIB14Gj8SmdK0vUuTPSeqPEh140=
			</data>
			<key>requirement</key>
			<string>cdhash H"448075e068fc4a674ad2f52e4cf49ea8f121d78d" or cdhash H"944f541320fac80f1893d4dbee7175fd1dd2dd87"</string>
		</dict>
		<key>MonoBleedingEdge/etc/mono/2.0/Browsers/Compat.browser</key>
		<dict>
			<key>hash2</key>
			<data>
			ihCCBXrFaB3NTpwiftf7jrQqwWGJY7XeO2Vzndd+J0E=
			</data>
		</dict>
		<key>MonoBleedingEdge/etc/mono/2.0/DefaultWsdlHelpGenerator.aspx</key>
		<dict>
			<key>hash2</key>
			<data>
			dRhhBAtp6mOjgnUHt8janH9UncGBwcivS3ynjMl9cQo=
			</data>
		</dict>
		<key>MonoBleedingEdge/etc/mono/2.0/machine.config</key>
		<dict>
			<key>hash2</key>
			<data>
			6ReCon+jn8bB1u6LCFKfXTUFIxDQAGA0uHjrBLjyrzA=
			</data>
		</dict>
		<key>MonoBleedingEdge/etc/mono/2.0/settings.map</key>
		<dict>
			<key>hash2</key>
			<data>
			ScYWD51Ur0Jwo7Tpl/xKgwH3m54gcBGPpG3by7xE+aI=
			</data>
		</dict>
		<key>MonoBleedingEdge/etc/mono/2.0/web.config</key>
		<dict>
			<key>hash2</key>
			<data>
			zytUM54Gm55C99Z5Xuy/VixQwQEfTKj2X1eP5S2X/5I=
			</data>
		</dict>
		<key>MonoBleedingEdge/etc/mono/4.0/Browsers/Compat.browser</key>
		<dict>
			<key>hash2</key>
			<data>
			ihCCBXrFaB3NTpwiftf7jrQqwWGJY7XeO2Vzndd+J0E=
			</data>
		</dict>
		<key>MonoBleedingEdge/etc/mono/4.0/DefaultWsdlHelpGenerator.aspx</key>
		<dict>
			<key>hash2</key>
			<data>
			dRhhBAtp6mOjgnUHt8janH9UncGBwcivS3ynjMl9cQo=
			</data>
		</dict>
		<key>MonoBleedingEdge/etc/mono/4.0/machine.config</key>
		<dict>
			<key>hash2</key>
			<data>
			5grsLFEV1ls6yzxV6iFXbb13D1eRZsAXElVx5GrlYO0=
			</data>
		</dict>
		<key>MonoBleedingEdge/etc/mono/4.0/settings.map</key>
		<dict>
			<key>hash2</key>
			<data>
			zh2xrYqVEgcxZOPszcGT9+2gNuGpczyuxGNd4hsoZcg=
			</data>
		</dict>
		<key>MonoBleedingEdge/etc/mono/4.0/web.config</key>
		<dict>
			<key>hash2</key>
			<data>
			44u4zGj+W07ezf0ojQlLnoztdikDmyo0doKroNi9dJI=
			</data>
		</dict>
		<key>MonoBleedingEdge/etc/mono/4.5/Browsers/Compat.browser</key>
		<dict>
			<key>hash2</key>
			<data>
			ihCCBXrFaB3NTpwiftf7jrQqwWGJY7XeO2Vzndd+J0E=
			</data>
		</dict>
		<key>MonoBleedingEdge/etc/mono/4.5/DefaultWsdlHelpGenerator.aspx</key>
		<dict>
			<key>hash2</key>
			<data>
			dRhhBAtp6mOjgnUHt8janH9UncGBwcivS3ynjMl9cQo=
			</data>
		</dict>
		<key>MonoBleedingEdge/etc/mono/4.5/machine.config</key>
		<dict>
			<key>hash2</key>
			<data>
			7pUABLV2+yjchfSwQ17QS/lmEt4ui1O+hNB6/oWg3mw=
			</data>
		</dict>
		<key>MonoBleedingEdge/etc/mono/4.5/settings.map</key>
		<dict>
			<key>hash2</key>
			<data>
			zh2xrYqVEgcxZOPszcGT9+2gNuGpczyuxGNd4hsoZcg=
			</data>
		</dict>
		<key>MonoBleedingEdge/etc/mono/4.5/web.config</key>
		<dict>
			<key>hash2</key>
			<data>
			xMvd1P2TR7WMxacrNtxLoa0rtpnmWGnQXNP7mGXw2CQ=
			</data>
		</dict>
		<key>MonoBleedingEdge/etc/mono/browscap.ini</key>
		<dict>
			<key>hash2</key>
			<data>
			Td1Q8x+5aPML7e/CU6Rtw/KJAZLQXNqp4KZKBW7ugH4=
			</data>
		</dict>
		<key>MonoBleedingEdge/etc/mono/config</key>
		<dict>
			<key>hash2</key>
			<data>
			EHsNiIthabsOUSBeln2I+oKJnMb2a95U75twFp3EOx0=
			</data>
		</dict>
		<key>MonoBleedingEdge/etc/mono/mconfig/config.xml</key>
		<dict>
			<key>hash2</key>
			<data>
			DFbjTGkSRRD6jBnntMLKbBxP9GCuGfeY3QygNYCeOW0=
			</data>
		</dict>
		<key>PlugIns/lib_burst_generated.bundle</key>
		<dict>
			<key>cdhash</key>
			<data>
			epBObNyzI3Jzn1cbsbHUxzPSUSc=
			</data>
			<key>requirement</key>
			<string>cdhash H"7a904e6cdcb32372739f571bb1b1d4c733d25127" or cdhash H"58b3bebc14c3582fb95f0140c7269ba9724b6de1"</string>
		</dict>
		<key>Resources/Data/Managed/Assembly-CSharp.dll</key>
		<dict>
			<key>hash2</key>
			<data>
			cvVYH/syh5S4kBVKB9EdmRZreBUlX2N8nYxP5Xg12Pw=
			</data>
		</dict>
		<key>Resources/Data/Managed/Cinemachine.dll</key>
		<dict>
			<key>hash2</key>
			<data>
			0Ng94h85p3nO+d/pw4mip0vEWVNrtryYx6aaYw+cXCo=
			</data>
		</dict>
		<key>Resources/Data/Managed/Mono.Security.dll</key>
		<dict>
			<key>hash2</key>
			<data>
			DK8ZTv34kTUp3ho40o3zvSZECoBDSt+EDMpJSPiShjY=
			</data>
		</dict>
		<key>Resources/Data/Managed/Newtonsoft.Json.dll</key>
		<dict>
			<key>hash2</key>
			<data>
			dZrMql+3vdtUos6rkqPYq1B1AzPsc7YmBa6mFl0cpt0=
			</data>
		</dict>
		<key>Resources/Data/Managed/System.ComponentModel.Composition.dll</key>
		<dict>
			<key>hash2</key>
			<data>
			cc2mHV+/VS+m/UPFC4CS1FiWBatPfEzcagkNsRJ2vxU=
			</data>
		</dict>
		<key>Resources/Data/Managed/System.Configuration.dll</key>
		<dict>
			<key>hash2</key>
			<data>
			wifMRpAvzgMbJh/TYIO/kqU4cle0UOUUwyZ+nRPhcaE=
			</data>
		</dict>
		<key>Resources/Data/Managed/System.Core.dll</key>
		<dict>
			<key>hash2</key>
			<data>
			x2SNXI4hYCbgnGB++z7SasqUIVjtqXshfbw8wCNYiac=
			</data>
		</dict>
		<key>Resources/Data/Managed/System.Data.DataSetExtensions.dll</key>
		<dict>
			<key>hash2</key>
			<data>
			wrQVJ9H98JmHU4U6oiOIhKA2rvEc/V+cr7cS0b33CD4=
			</data>
		</dict>
		<key>Resources/Data/Managed/System.Data.dll</key>
		<dict>
			<key>hash2</key>
			<data>
			Y2XMWB58X31WxEbDfbDKJDbJOnT+yTGu1zLKCnKybio=
			</data>
		</dict>
		<key>Resources/Data/Managed/System.Drawing.dll</key>
		<dict>
			<key>hash2</key>
			<data>
			1ZQFmJamWuxdSqLh/E3wjQeV4Zoyc3FbqD/C7srBo0E=
			</data>
		</dict>
		<key>Resources/Data/Managed/System.EnterpriseServices.dll</key>
		<dict>
			<key>hash2</key>
			<data>
			TTM0HXa0k9oj/e9wfY9KWlwIxdQmgWVqSXOh6DP4iyA=
			</data>
		</dict>
		<key>Resources/Data/Managed/System.IO.Compression.FileSystem.dll</key>
		<dict>
			<key>hash2</key>
			<data>
			QXP4CuHRPUrmxk7cHgMYTXtwmDDbIoBQRc70kOlcNVQ=
			</data>
		</dict>
		<key>Resources/Data/Managed/System.IO.Compression.dll</key>
		<dict>
			<key>hash2</key>
			<data>
			hH77RdKDscwx6q+JUq/F2oWns3VhI+D94Shv9mCQm2Q=
			</data>
		</dict>
		<key>Resources/Data/Managed/System.Net.Http.dll</key>
		<dict>
			<key>hash2</key>
			<data>
			reZdnxQ+xHxWocwkyxdh9VKuFGFdet5P5TGBI5jyrJk=
			</data>
		</dict>
		<key>Resources/Data/Managed/System.Numerics.dll</key>
		<dict>
			<key>hash2</key>
			<data>
			c9FQ+MqlMs+N8FdO3ZB5bg9T+8XGm31QounAOXcPwsY=
			</data>
		</dict>
		<key>Resources/Data/Managed/System.Runtime.Serialization.dll</key>
		<dict>
			<key>hash2</key>
			<data>
			KVjnzOaAEKYwkvjNFahcBEYn5GPC0hLfDtP/H+m8G9c=
			</data>
		</dict>
		<key>Resources/Data/Managed/System.Runtime.dll</key>
		<dict>
			<key>hash2</key>
			<data>
			+8hgfYxDEkYPUjTBlQp00Jj/jKtavMGgk+VbK77XXTA=
			</data>
		</dict>
		<key>Resources/Data/Managed/System.Security.dll</key>
		<dict>
			<key>hash2</key>
			<data>
			70eotOaRnkhZ6UtWURi1vhQRVLGUdbn54n20bpl6F1Q=
			</data>
		</dict>
		<key>Resources/Data/Managed/System.ServiceModel.Internals.dll</key>
		<dict>
			<key>hash2</key>
			<data>
			3RSZijTHe+/fh99U5nUGrEDxNlpy63h/++sS9xunMkY=
			</data>
		</dict>
		<key>Resources/Data/Managed/System.Transactions.dll</key>
		<dict>
			<key>hash2</key>
			<data>
			DEFqqnsVUfqcK4DbN7+tNOGAArdgtfmwZGy5GTrn884=
			</data>
		</dict>
		<key>Resources/Data/Managed/System.Xml.Linq.dll</key>
		<dict>
			<key>hash2</key>
			<data>
			VKwHmzrQWtrDlBPa2yO+NX89owtecCdRTkl7dkbhthA=
			</data>
		</dict>
		<key>Resources/Data/Managed/System.Xml.dll</key>
		<dict>
			<key>hash2</key>
			<data>
			d6GIuaviDEY2MPhqJiT6gYApc66OSkz8pCmJbiZj3WE=
			</data>
		</dict>
		<key>Resources/Data/Managed/System.dll</key>
		<dict>
			<key>hash2</key>
			<data>
			4W3+IkXAz+3OJzuFgR5hbMnfzpkwF9l7k2/1ckrzIIQ=
			</data>
		</dict>
		<key>Resources/Data/Managed/Unity.2D.Animation.Runtime.dll</key>
		<dict>
			<key>hash2</key>
			<data>
			HzUGJlAz0kOFaA2OTA/DBmDlwWVg4rfyn4cFSnKxklk=
			</data>
		</dict>
		<key>Resources/Data/Managed/Unity.2D.Common.Runtime.dll</key>
		<dict>
			<key>hash2</key>
			<data>
			7oiZT8H66nlIumLsSYOnlTIomJ20kS6qa0edoWZMIsM=
			</data>
		</dict>
		<key>Resources/Data/Managed/Unity.2D.IK.Runtime.dll</key>
		<dict>
			<key>hash2</key>
			<data>
			wpfnhAEnKEpnJyvORSP5vV4DbWbNpW4Kt3UAKkxdmCo=
			</data>
		</dict>
		<key>Resources/Data/Managed/Unity.2D.PixelPerfect.dll</key>
		<dict>
			<key>hash2</key>
			<data>
			rpXCPfs94Ja8LlqynhZ5NY8HvZCvWr36hffWFDLRg1k=
			</data>
		</dict>
		<key>Resources/Data/Managed/Unity.2D.SpriteShape.Runtime.dll</key>
		<dict>
			<key>hash2</key>
			<data>
			HV/rT21O1h/fxS3E4VadTBD0Gn2aLSkY/eJ/OWKt6Og=
			</data>
		</dict>
		<key>Resources/Data/Managed/Unity.Burst.Cecil.Mdb.dll</key>
		<dict>
			<key>hash2</key>
			<data>
			6NNI/xA0qMLc/j0dPg9CRUzPpO91MTG+f04eoeSpdQM=
			</data>
		</dict>
		<key>Resources/Data/Managed/Unity.Burst.Cecil.Pdb.dll</key>
		<dict>
			<key>hash2</key>
			<data>
			nwKmHAENDl697lAYdDk81h9/8tpI3uvK9+rDenU1zAM=
			</data>
		</dict>
		<key>Resources/Data/Managed/Unity.Burst.Cecil.Rocks.dll</key>
		<dict>
			<key>hash2</key>
			<data>
			mzi7oRc+3P00Ita4Ax9SSWh5M0AeMJXnbXmBJWp13vU=
			</data>
		</dict>
		<key>Resources/Data/Managed/Unity.Burst.Cecil.dll</key>
		<dict>
			<key>hash2</key>
			<data>
			6Idwn5hPCTntE8wszIyM8ITAWNWkLEZYAtexnXCyB0U=
			</data>
		</dict>
		<key>Resources/Data/Managed/Unity.Burst.Unsafe.dll</key>
		<dict>
			<key>hash2</key>
			<data>
			nZwf9SQR3svuXZ8NHNYevqoiIHeqd6UhAeo966+umOI=
			</data>
		</dict>
		<key>Resources/Data/Managed/Unity.Burst.dll</key>
		<dict>
			<key>hash2</key>
			<data>
			N3ZZQb+gmbdfpQDGXTYh2k3r39I7GYGWySJL0oPoDCY=
			</data>
		</dict>
		<key>Resources/Data/Managed/Unity.InternalAPIEngineBridge.001.dll</key>
		<dict>
			<key>hash2</key>
			<data>
			Mvq/klMbLfvUFpeR/l70JP8+6L1AcXFJkEAGxY2KxHo=
			</data>
		</dict>
		<key>Resources/Data/Managed/Unity.Mathematics.dll</key>
		<dict>
			<key>hash2</key>
			<data>
			W8uBFX3NAStHMutnl5MWfSsYAh2HHvoMcKeFieuHojY=
			</data>
		</dict>
		<key>Resources/Data/Managed/Unity.TextMeshPro.dll</key>
		<dict>
			<key>hash2</key>
			<data>
			LVypAYZSDbRxyYoVIhs1j4psmmV5Cu9kQ9o5H1VKPYg=
			</data>
		</dict>
		<key>Resources/Data/Managed/Unity.Timeline.dll</key>
		<dict>
			<key>hash2</key>
			<data>
			mDXLTztzrdyjZy7fKsQgHEh/L8xuOGxScRViPHoNiYA=
			</data>
		</dict>
		<key>Resources/Data/Managed/UnityEngine.AIModule.dll</key>
		<dict>
			<key>hash2</key>
			<data>
			NSgUptQNTmVkxNQQ6YHUJDLlwRhOOwbsXrNlfDBvjTQ=
			</data>
		</dict>
		<key>Resources/Data/Managed/UnityEngine.ARModule.dll</key>
		<dict>
			<key>hash2</key>
			<data>
			rfvvNr7zNZcBbTBZEoSH6LXYvLKdGBxk/VLH1zZz5ZI=
			</data>
		</dict>
		<key>Resources/Data/Managed/UnityEngine.AccessibilityModule.dll</key>
		<dict>
			<key>hash2</key>
			<data>
			Xv0haGbL/921d1pU0y7mZ19vXJ+qg6pWcSKd1J5X958=
			</data>
		</dict>
		<key>Resources/Data/Managed/UnityEngine.AndroidJNIModule.dll</key>
		<dict>
			<key>hash2</key>
			<data>
			1Ai891OV9uVeJrk8yNEj6uR0OjXKYlzaiBdavz7FBxY=
			</data>
		</dict>
		<key>Resources/Data/Managed/UnityEngine.AnimationModule.dll</key>
		<dict>
			<key>hash2</key>
			<data>
			nmCQIVDMXIcyEk8pjbYFp7WUadQKJpo/lkKFiA/P6mY=
			</data>
		</dict>
		<key>Resources/Data/Managed/UnityEngine.AssetBundleModule.dll</key>
		<dict>
			<key>hash2</key>
			<data>
			1Q8vW62m5W1pIXgnVsTIb6aqUnvB/9hQv4gupR6gXNA=
			</data>
		</dict>
		<key>Resources/Data/Managed/UnityEngine.AudioModule.dll</key>
		<dict>
			<key>hash2</key>
			<data>
			V7FvFiyRXtVBL+fER+XInHqOQMVM7H5dKUAav/IST3k=
			</data>
		</dict>
		<key>Resources/Data/Managed/UnityEngine.ClothModule.dll</key>
		<dict>
			<key>hash2</key>
			<data>
			hvQbiFn0Lf7ehILcRd+aeN++OUgHbJOvz5ygZM5B8ms=
			</data>
		</dict>
		<key>Resources/Data/Managed/UnityEngine.ClusterInputModule.dll</key>
		<dict>
			<key>hash2</key>
			<data>
			VVTusqGj1AKApbuAvO5SJb46FqXAFV6hBcvP1b+udyI=
			</data>
		</dict>
		<key>Resources/Data/Managed/UnityEngine.ClusterRendererModule.dll</key>
		<dict>
			<key>hash2</key>
			<data>
			M6O97CVZ3TiNUVypXQgmrkeMvyKQ9NdrSFamSCc6W6s=
			</data>
		</dict>
		<key>Resources/Data/Managed/UnityEngine.CoreModule.dll</key>
		<dict>
			<key>hash2</key>
			<data>
			ams9DwTZNumwlAzA5R2lpFdz2XAEXos1Z/J1BDPV9Vs=
			</data>
		</dict>
		<key>Resources/Data/Managed/UnityEngine.CrashReportingModule.dll</key>
		<dict>
			<key>hash2</key>
			<data>
			B4JrlwkoGjUsFuyUnb8GQSTRnTFNGxAImVOGk2HmIdY=
			</data>
		</dict>
		<key>Resources/Data/Managed/UnityEngine.DSPGraphModule.dll</key>
		<dict>
			<key>hash2</key>
			<data>
			G/3VImIONVwAuJI8FYEL4HkFf4EhR7PQGyQCrS1jsUk=
			</data>
		</dict>
		<key>Resources/Data/Managed/UnityEngine.DirectorModule.dll</key>
		<dict>
			<key>hash2</key>
			<data>
			2PWqKm2D7KD71r2v2+Hi+EiYLO4PPFDg5UWw3mdwjBk=
			</data>
		</dict>
		<key>Resources/Data/Managed/UnityEngine.GIModule.dll</key>
		<dict>
			<key>hash2</key>
			<data>
			oXlI615twrqDmLio7P2cB43IzFdPi3arNHLFJI5IVZw=
			</data>
		</dict>
		<key>Resources/Data/Managed/UnityEngine.GameCenterModule.dll</key>
		<dict>
			<key>hash2</key>
			<data>
			5x4U4iLz/ThYf78N4GQ5oyer/fYrDYj+XVudPGhdARo=
			</data>
		</dict>
		<key>Resources/Data/Managed/UnityEngine.GridModule.dll</key>
		<dict>
			<key>hash2</key>
			<data>
			Y6WN91fnRMsocJIGvlyhb2XeyCM+cAJVYDDs7Oz3b/8=
			</data>
		</dict>
		<key>Resources/Data/Managed/UnityEngine.HotReloadModule.dll</key>
		<dict>
			<key>hash2</key>
			<data>
			PgbmocgrQI1rhEmPsiiEtDh+LK5NiqHLnuLVwcNTkJM=
			</data>
		</dict>
		<key>Resources/Data/Managed/UnityEngine.IMGUIModule.dll</key>
		<dict>
			<key>hash2</key>
			<data>
			W9LFZTG5aEViAvBCg5jJaVfRX3mVrjBcMGhCtWJRRHk=
			</data>
		</dict>
		<key>Resources/Data/Managed/UnityEngine.ImageConversionModule.dll</key>
		<dict>
			<key>hash2</key>
			<data>
			9L4c+jW08JKTFkTgKsMDj/Y4siolmFn2wVoSMTCmVHI=
			</data>
		</dict>
		<key>Resources/Data/Managed/UnityEngine.InputLegacyModule.dll</key>
		<dict>
			<key>hash2</key>
			<data>
			X0AOcxi8gaWClS0ezfo8GV77j/OKAboyt0jeLKiEtoY=
			</data>
		</dict>
		<key>Resources/Data/Managed/UnityEngine.InputModule.dll</key>
		<dict>
			<key>hash2</key>
			<data>
			yOhuQYXfIPylfYA1p90Wm+XeilxnBstzH9kA4//Ut9g=
			</data>
		</dict>
		<key>Resources/Data/Managed/UnityEngine.JSONSerializeModule.dll</key>
		<dict>
			<key>hash2</key>
			<data>
			a9krqfhFzXXR1ocFMv8X0qNBREH0lT15BP01PrIXBDg=
			</data>
		</dict>
		<key>Resources/Data/Managed/UnityEngine.LocalizationModule.dll</key>
		<dict>
			<key>hash2</key>
			<data>
			GaH24itns6MFq3Qa1s13EfnKWTJ1hNcZnzRivXy1tAs=
			</data>
		</dict>
		<key>Resources/Data/Managed/UnityEngine.ParticleSystemModule.dll</key>
		<dict>
			<key>hash2</key>
			<data>
			PVLDISOrIS4CJ0OirqueajqvPElik+Tv2jDoVR6+xS8=
			</data>
		</dict>
		<key>Resources/Data/Managed/UnityEngine.PerformanceReportingModule.dll</key>
		<dict>
			<key>hash2</key>
			<data>
			WHkJpAVuxK0oSuWlUCzFjxPkmXy1IK//dHqbKaB5k80=
			</data>
		</dict>
		<key>Resources/Data/Managed/UnityEngine.Physics2DModule.dll</key>
		<dict>
			<key>hash2</key>
			<data>
			iSOvFI6WEwOcgSw4msk5zXyU4o1XunYuMGJKQcMtlHM=
			</data>
		</dict>
		<key>Resources/Data/Managed/UnityEngine.PhysicsModule.dll</key>
		<dict>
			<key>hash2</key>
			<data>
			a+Hi55jMHu012ZAwQjYPi+ev2/29XsdYfALPNmcO7Ow=
			</data>
		</dict>
		<key>Resources/Data/Managed/UnityEngine.ProfilerModule.dll</key>
		<dict>
			<key>hash2</key>
			<data>
			GB+69ljUC+8J0XV1ieiqwHHwi2jyxuL1xM6ysucD2EQ=
			</data>
		</dict>
		<key>Resources/Data/Managed/UnityEngine.RuntimeInitializeOnLoadManagerInitializerModule.dll</key>
		<dict>
			<key>hash2</key>
			<data>
			OTU52FODAKNgn/eXh8FyAbhKowsW2nKGFZB6DfiWQLA=
			</data>
		</dict>
		<key>Resources/Data/Managed/UnityEngine.ScreenCaptureModule.dll</key>
		<dict>
			<key>hash2</key>
			<data>
			b5sxeeCUJqPCKRH+K8njk3IfaiGtEMHZf9KFwHxGOYI=
			</data>
		</dict>
		<key>Resources/Data/Managed/UnityEngine.SharedInternalsModule.dll</key>
		<dict>
			<key>hash2</key>
			<data>
			/TH7NQQ02dVomyvgd6NWhQjvDay0NPSh9WQCcQViMBY=
			</data>
		</dict>
		<key>Resources/Data/Managed/UnityEngine.SpriteMaskModule.dll</key>
		<dict>
			<key>hash2</key>
			<data>
			SsVLQklyQ2bMuHOQC2ZVd0F6sWogf7m3JwoTpQr5Uio=
			</data>
		</dict>
		<key>Resources/Data/Managed/UnityEngine.SpriteShapeModule.dll</key>
		<dict>
			<key>hash2</key>
			<data>
			/a62YKw8HPfJDkI2r1HSSwSmxVHKocYxdwe7XBuATAE=
			</data>
		</dict>
		<key>Resources/Data/Managed/UnityEngine.StreamingModule.dll</key>
		<dict>
			<key>hash2</key>
			<data>
			7Hkl33avlXrVwS3QvdcjLfIE4Ru6dFyN+dq2MhoD5cQ=
			</data>
		</dict>
		<key>Resources/Data/Managed/UnityEngine.SubstanceModule.dll</key>
		<dict>
			<key>hash2</key>
			<data>
			GDr+XQuxj5c05mVvjnrWpvi35e2EFFmByHpRrPi0AqY=
			</data>
		</dict>
		<key>Resources/Data/Managed/UnityEngine.SubsystemsModule.dll</key>
		<dict>
			<key>hash2</key>
			<data>
			hClqgV0RbuJmh282ASl4HlWipLtNepqabxaujkH4X+o=
			</data>
		</dict>
		<key>Resources/Data/Managed/UnityEngine.TLSModule.dll</key>
		<dict>
			<key>hash2</key>
			<data>
			Xwrzgg1CmXPGwMlO72TMKYPnfw0oSmM16wyu9CODWAo=
			</data>
		</dict>
		<key>Resources/Data/Managed/UnityEngine.TerrainModule.dll</key>
		<dict>
			<key>hash2</key>
			<data>
			kLIj5VMaFDF2gwEMfFfibXhqamW66JOAdj7jfp45P3o=
			</data>
		</dict>
		<key>Resources/Data/Managed/UnityEngine.TerrainPhysicsModule.dll</key>
		<dict>
			<key>hash2</key>
			<data>
			0z8iBjLCcHSlqCzv80vdVpk6No5m9IxHxou/sTF8nbw=
			</data>
		</dict>
		<key>Resources/Data/Managed/UnityEngine.TextCoreFontEngineModule.dll</key>
		<dict>
			<key>hash2</key>
			<data>
			LMJpYX9tXJWULGXdl9nciWPukoCW/ECZKb3bDSGqguA=
			</data>
		</dict>
		<key>Resources/Data/Managed/UnityEngine.TextCoreTextEngineModule.dll</key>
		<dict>
			<key>hash2</key>
			<data>
			WjcYPLx1XRV8VzbJYAz+V39GA7xag9JHWpMaJxZWhiY=
			</data>
		</dict>
		<key>Resources/Data/Managed/UnityEngine.TextRenderingModule.dll</key>
		<dict>
			<key>hash2</key>
			<data>
			GA2QHXeZNEPzCtPIerceDeqhpC3vWpsKxq/3Ufy8vgc=
			</data>
		</dict>
		<key>Resources/Data/Managed/UnityEngine.TilemapModule.dll</key>
		<dict>
			<key>hash2</key>
			<data>
			MtglGC2p0m4qpOs08/ibazmLuJadog06kFGksR8qdKY=
			</data>
		</dict>
		<key>Resources/Data/Managed/UnityEngine.UI.dll</key>
		<dict>
			<key>hash2</key>
			<data>
			wUnHlmfyrfyTmxaOLowbJ/xTVnqNM8B4t/2O44GE+kA=
			</data>
		</dict>
		<key>Resources/Data/Managed/UnityEngine.UIElementsModule.dll</key>
		<dict>
			<key>hash2</key>
			<data>
			GZow2lCUCH2GVO3cmn9OrlBMeivGVxvi4tPdwcRyA9U=
			</data>
		</dict>
		<key>Resources/Data/Managed/UnityEngine.UIElementsNativeModule.dll</key>
		<dict>
			<key>hash2</key>
			<data>
			m6G9eDXg4Il06NWNFrUBo+a5IPMnnRk/X/lxkMEyTvs=
			</data>
		</dict>
		<key>Resources/Data/Managed/UnityEngine.UIModule.dll</key>
		<dict>
			<key>hash2</key>
			<data>
			XXrByUGgwGtXnsPzLHbqbqbEX7bthBThKmhcfYaKnRY=
			</data>
		</dict>
		<key>Resources/Data/Managed/UnityEngine.UNETModule.dll</key>
		<dict>
			<key>hash2</key>
			<data>
			vFQK6aAElyP5Z4tkcaCq+ERB5Ylc4eIa5rdLmW63B4w=
			</data>
		</dict>
		<key>Resources/Data/Managed/UnityEngine.UaaLAnalyticsModule.dll</key>
		<dict>
			<key>hash2</key>
			<data>
			RdesDtibvJBVid/sxziapDnP+yVJ/WTLvW66Mpfi4Yc=
			</data>
		</dict>
		<key>Resources/Data/Managed/UnityEngine.UmbraModule.dll</key>
		<dict>
			<key>hash2</key>
			<data>
			NygTkpISgHum59JzgwUbvFhOTtGTIYlpkNL+7MdFSJo=
			</data>
		</dict>
		<key>Resources/Data/Managed/UnityEngine.UnityAnalyticsModule.dll</key>
		<dict>
			<key>hash2</key>
			<data>
			ImKfvmhLXQGEyQkaf6NGLUWL2GCZdudM0J8KaGF9Esk=
			</data>
		</dict>
		<key>Resources/Data/Managed/UnityEngine.UnityConnectModule.dll</key>
		<dict>
			<key>hash2</key>
			<data>
			GujnIu4CjG96w1F/1MYGPhPls9gGfwMEKM7ipAlfN6M=
			</data>
		</dict>
		<key>Resources/Data/Managed/UnityEngine.UnityCurlModule.dll</key>
		<dict>
			<key>hash2</key>
			<data>
			pEBLzWHgBuQZU+W1/WjGpM750BMtTw9VbmH+PXXkXGU=
			</data>
		</dict>
		<key>Resources/Data/Managed/UnityEngine.UnityTestProtocolModule.dll</key>
		<dict>
			<key>hash2</key>
			<data>
			9TO2Tbwlg0cJs0mnE70+8v3ALzIW/FY+TH/aqsSesBg=
			</data>
		</dict>
		<key>Resources/Data/Managed/UnityEngine.UnityWebRequestAssetBundleModule.dll</key>
		<dict>
			<key>hash2</key>
			<data>
			Kog282qwteJhnIv/mVJa259RqKnFMIesnpDjtbUAvsM=
			</data>
		</dict>
		<key>Resources/Data/Managed/UnityEngine.UnityWebRequestAudioModule.dll</key>
		<dict>
			<key>hash2</key>
			<data>
			EO5CMkp9DuKrIYfEJWgpmPYY9CxHK8y4LPX8SGEPHbk=
			</data>
		</dict>
		<key>Resources/Data/Managed/UnityEngine.UnityWebRequestModule.dll</key>
		<dict>
			<key>hash2</key>
			<data>
			edfbsdH1Wvqt5ShaUOpQsXuDu+H069JZcZOi9FEbIk8=
			</data>
		</dict>
		<key>Resources/Data/Managed/UnityEngine.UnityWebRequestTextureModule.dll</key>
		<dict>
			<key>hash2</key>
			<data>
			TZpZmjPLG1QlZrv6sAzMU21XeQ1SDOfNYJhdErgATxk=
			</data>
		</dict>
		<key>Resources/Data/Managed/UnityEngine.UnityWebRequestWWWModule.dll</key>
		<dict>
			<key>hash2</key>
			<data>
			J7Tx7XHKgI4PXu3/NqHR2sH9fYvaaQkluuG0jEZBu9c=
			</data>
		</dict>
		<key>Resources/Data/Managed/UnityEngine.VFXModule.dll</key>
		<dict>
			<key>hash2</key>
			<data>
			1C/iudrWD0LnAYr2Xwcs3SAnSSdekhK1/lx24HbxNUA=
			</data>
		</dict>
		<key>Resources/Data/Managed/UnityEngine.VRModule.dll</key>
		<dict>
			<key>hash2</key>
			<data>
			KUNHMEIO99Y6cP/v5tMspv3KE+Fld3SVk3G9TP3SJ5U=
			</data>
		</dict>
		<key>Resources/Data/Managed/UnityEngine.VehiclesModule.dll</key>
		<dict>
			<key>hash2</key>
			<data>
			Z4brfNQWEj+1SX5uzBhxua3dXFnD3W/qLWglBYMQ0KI=
			</data>
		</dict>
		<key>Resources/Data/Managed/UnityEngine.VideoModule.dll</key>
		<dict>
			<key>hash2</key>
			<data>
			//c/Ric93KyhuCMLHA14ecJ3HSHUJgWrFcvuFx1n42A=
			</data>
		</dict>
		<key>Resources/Data/Managed/UnityEngine.VirtualTexturingModule.dll</key>
		<dict>
			<key>hash2</key>
			<data>
			tI244OmKTABWwOuPtpUEgRg+I7yEUQyAKZduURz6fXo=
			</data>
		</dict>
		<key>Resources/Data/Managed/UnityEngine.WindModule.dll</key>
		<dict>
			<key>hash2</key>
			<data>
			qStcyX3HZuLNTo/Mq3N4e/GvlOcOTt3PYGWf5xwerMY=
			</data>
		</dict>
		<key>Resources/Data/Managed/UnityEngine.XRModule.dll</key>
		<dict>
			<key>hash2</key>
			<data>
			jVjev3NuW/j6bd/ubjLlLT0raVEn7Szbkox7m8zoZoA=
			</data>
		</dict>
		<key>Resources/Data/Managed/UnityEngine.dll</key>
		<dict>
			<key>hash2</key>
			<data>
			owe6mvO0oJl8pnFuUwy7oKclBvBXqY1eh0luezcyYxw=
			</data>
		</dict>
		<key>Resources/Data/Managed/clipper_library.dll</key>
		<dict>
			<key>hash2</key>
			<data>
			ylyjjvV85ZH0Uwwy50/dpkn94wvacisyrvgzVFwMcJw=
			</data>
		</dict>
		<key>Resources/Data/Managed/mscorlib.dll</key>
		<dict>
			<key>hash2</key>
			<data>
			ekAeaesO2unJaniaq4g+OMbY8queXUjSFTNvHZLWsKs=
			</data>
		</dict>
		<key>Resources/Data/Managed/netstandard.dll</key>
		<dict>
			<key>hash2</key>
			<data>
			vwt+rJAQt1QT5OwaB6NFO8amjuuOkW++18Hyd3hB98c=
			</data>
		</dict>
		<key>Resources/Data/Resources/unity_builtin_extra</key>
		<dict>
			<key>hash2</key>
			<data>
			ayRH0vXtcGWJ0GOUbsUUbeAFqkDJKYanlwa1x9gtcjA=
			</data>
		</dict>
		<key>Resources/Data/RuntimeInitializeOnLoads.json</key>
		<dict>
			<key>hash2</key>
			<data>
			ySoiEkZJKjOK4mBUlpvjZmnp5a4RBSwR2Br3Dkcu7mA=
			</data>
		</dict>
		<key>Resources/Data/ScriptingAssemblies.json</key>
		<dict>
			<key>hash2</key>
			<data>
			XVWwpGNPTWgKY9dAecKiMz/Zd1NLZuz7xfMSHhS1ltw=
			</data>
		</dict>
		<key>Resources/Data/app.info</key>
		<dict>
			<key>hash2</key>
			<data>
			hdXJPS4Kfn6Jb+qXJcdvR68l07eearpHFI5lmX1IQEg=
			</data>
		</dict>
		<key>Resources/Data/boot.config</key>
		<dict>
			<key>hash2</key>
			<data>
			JSAsjwyqgTnSIMHbgprARF3lIEcFmwPJIMfRRd3+tLo=
			</data>
		</dict>
		<key>Resources/Data/globalgamemanagers</key>
		<dict>
			<key>hash2</key>
			<data>
			HbnYlWy7U2bmawnxtZCNIDnivIhETtiyLVMLD9I0yHQ=
			</data>
		</dict>
		<key>Resources/Data/globalgamemanagers.assets</key>
		<dict>
			<key>hash2</key>
			<data>
			1xmDROBUXx+8JTeAlxa/Ejql2eIjWEHta72VZqFprWA=
			</data>
		</dict>
		<key>Resources/Data/level0</key>
		<dict>
			<key>hash2</key>
			<data>
			EyujtqnoKGZgGpQEViTPTOljkP4+DoCSN4sPNgB7zVs=
			</data>
		</dict>
		<key>Resources/Data/level1</key>
		<dict>
			<key>hash2</key>
			<data>
			E6ZdQJph6p39eWC9Xcspqzx/ce6acG/IJ7W0zcg9tTM=
			</data>
		</dict>
		<key>Resources/Data/level2</key>
		<dict>
			<key>hash2</key>
			<data>
			C5KebJ1xnKWdslQ6DqTc0by9B6Y1X3vE9t/e855n0XE=
			</data>
		</dict>
		<key>Resources/Data/level3</key>
		<dict>
			<key>hash2</key>
			<data>
			Iv3H4NKPYRn+BGTX/80tr0NSYiHuApf2tGS5HsnffkE=
			</data>
		</dict>
		<key>Resources/Data/level4</key>
		<dict>
			<key>hash2</key>
			<data>
			01hsLM2G68obKhcWSEuXoPB4n9SZFYgl8c31YQmS/6k=
			</data>
		</dict>
		<key>Resources/Data/level5</key>
		<dict>
			<key>hash2</key>
			<data>
			dlytq2j0BeDQtBNdGWlpLDYDxB+mNb9uvnk/guBrHY4=
			</data>
		</dict>
		<key>Resources/Data/resources.assets</key>
		<dict>
			<key>hash2</key>
			<data>
			HkWFFR8ovRcN7Rm4il6V5GfcM5dp9Di6dnnDMeKdT1c=
			</data>
		</dict>
		<key>Resources/Data/resources.assets.resS</key>
		<dict>
			<key>hash2</key>
			<data>
			Tvqgzx1L688aMNyV7GBt8B10mjyLg8lno+3+jsn98Js=
			</data>
		</dict>
		<key>Resources/Data/resources.resource</key>
		<dict>
			<key>hash2</key>
			<data>
			gUAw28NFxI1GxWLeQ4sFu+gH3hZnB7AbpWXefq0YnWM=
			</data>
		</dict>
		<key>Resources/Data/sharedassets0.assets</key>
		<dict>
			<key>hash2</key>
			<data>
			U/AlU2aNTw9Ghoftz1AB8rPydbtiMEKU5JiuJ5YgYLY=
			</data>
		</dict>
		<key>Resources/Data/sharedassets0.assets.resS</key>
		<dict>
			<key>hash2</key>
			<data>
			Fno29JGJbUBgY5fsFC7Bd2Vwu+LkM+Y37LUX0bQq6dA=
			</data>
		</dict>
		<key>Resources/Data/sharedassets0.resource</key>
		<dict>
			<key>hash2</key>
			<data>
			g9kW5usfgMUuR6zBaoeRAJ3NEgrQUBctRsUIh7jAPg8=
			</data>
		</dict>
		<key>Resources/Data/sharedassets1.assets</key>
		<dict>
			<key>hash2</key>
			<data>
			4ib5Oa8JhVdnDwGzSlMUlNYq8C+1tuXGTteJci4CFBQ=
			</data>
		</dict>
		<key>Resources/Data/sharedassets1.assets.resS</key>
		<dict>
			<key>hash2</key>
			<data>
			JuewQ6QEiE78mgMKxABSJXBmkkcpLTnBPmvq5yYMFaE=
			</data>
		</dict>
		<key>Resources/Data/sharedassets2.assets</key>
		<dict>
			<key>hash2</key>
			<data>
			bPkd+cUHqXjhQb340Jh26lJ55zB6ATjHLutbMU0VL2Q=
			</data>
		</dict>
		<key>Resources/Data/sharedassets2.assets.resS</key>
		<dict>
			<key>hash2</key>
			<data>
			KaW0mUOBCHeXJCBZ0CjKB+cyS+WWNypEYOQNtlb7ddE=
			</data>
		</dict>
		<key>Resources/Data/sharedassets3.assets</key>
		<dict>
			<key>hash2</key>
			<data>
			at+I1vvuOhCkj05hBiO3ohMKiZYMr0vcZE5lnhQ/or4=
			</data>
		</dict>
		<key>Resources/Data/sharedassets4.assets</key>
		<dict>
			<key>hash2</key>
			<data>
			G1Q+tan3dKy52VsuF7O6JVWe5OWkuSLpa5+VqkrwZsw=
			</data>
		</dict>
		<key>Resources/Data/sharedassets4.assets.resS</key>
		<dict>
			<key>hash2</key>
			<data>
			PMKGsQe5Mih6QRijwLqjr+Y/gNolCQ0glPwGV5jArjw=
			</data>
		</dict>
		<key>Resources/Data/sharedassets5.assets</key>
		<dict>
			<key>hash2</key>
			<data>
			u7FK1vvXquBXrM96J2KI1EYanWp8+FsEPnRoRovcG7E=
			</data>
		</dict>
		<key>Resources/Data/sharedassets5.assets.resS</key>
		<dict>
			<key>hash2</key>
			<data>
			j0hN2zrQFgxVK9paNloyDzuOIV8Vvpq3+iyUwcEnyNs=
			</data>
		</dict>
		<key>Resources/DefaultPreferences.plist</key>
		<dict>
			<key>hash2</key>
			<data>
			C3RIqHCqGVPBh7OIqo9tsgostvL0m7526fXUhUsbmcg=
			</data>
		</dict>
		<key>Resources/MainMenu.nib/designable.nib</key>
		<dict>
			<key>hash2</key>
			<data>
			VxiCIbqdyIm+TJ4D8MhnvOggcmSR4yovpJKGgfAG8wg=
			</data>
		</dict>
		<key>Resources/MainMenu.nib/keyedobjects.nib</key>
		<dict>
			<key>hash2</key>
			<data>
			H65bfG7psXp2exY2hnpBs+ROr49lSxxeLK+jJhRjEE0=
			</data>
		</dict>
		<key>Resources/PlayerIcon.icns</key>
		<dict>
			<key>hash2</key>
			<data>
			PPN0P1uO52jVWfQKuzPdzKErowNmgXRC6cVefql/5zM=
			</data>
		</dict>
		<key>Resources/unity default resources</key>
		<dict>
			<key>hash2</key>
			<data>
			JpDBGQVL/ngUsUsMfidmbNWVGrmTSWyJ8js/Hwxf4vk=
			</data>
		</dict>
	</dict>
	<key>rules</key>
	<dict>
		<key>^Resources/</key>
		<true/>
		<key>^Resources/.*\.lproj/</key>
		<dict>
			<key>optional</key>
			<true/>
			<key>weight</key>
			<real>1000</real>
		</dict>
		<key>^Resources/.*\.lproj/locversion.plist$</key>
		<dict>
			<key>omit</key>
			<true/>
			<key>weight</key>
			<real>1100</real>
		</dict>
		<key>^Resources/Base\.lproj/</key>
		<dict>
			<key>weight</key>
			<real>1010</real>
		</dict>
		<key>^version.plist$</key>
		<true/>
	</dict>
	<key>rules2</key>
	<dict>
		<key>.*\.dSYM($|/)</key>
		<dict>
			<key>weight</key>
			<real>11</real>
		</dict>
		<key>^(.*/)?\.DS_Store$</key>
		<dict>
			<key>omit</key>
			<true/>
			<key>weight</key>
			<real>2000</real>
		</dict>
		<key>^(Frameworks|SharedFrameworks|PlugIns|Plug-ins|XPCServices|Helpers|MacOS|Library/(Automator|Spotlight|LoginItems))/</key>
		<dict>
			<key>nested</key>
			<true/>
			<key>weight</key>
			<real>10</real>
		</dict>
		<key>^.*</key>
		<true/>
		<key>^Info\.plist$</key>
		<dict>
			<key>omit</key>
			<true/>
			<key>weight</key>
			<real>20</real>
		</dict>
		<key>^PkgInfo$</key>
		<dict>
			<key>omit</key>
			<true/>
			<key>weight</key>
			<real>20</real>
		</dict>
		<key>^Resources/</key>
		<dict>
			<key>weight</key>
			<real>20</real>
		</dict>
		<key>^Resources/.*\.lproj/</key>
		<dict>
			<key>optional</key>
			<true/>
			<key>weight</key>
			<real>1000</real>
		</dict>
		<key>^Resources/.*\.lproj/locversion.plist$</key>
		<dict>
			<key>omit</key>
			<true/>
			<key>weight</key>
			<real>1100</real>
		</dict>
		<key>^Resources/Base\.lproj/</key>
		<dict>
			<key>weight</key>
			<real>1010</real>
		</dict>
		<key>^[^/]+$</key>
		<dict>
			<key>nested</key>
			<true/>
			<key>weight</key>
			<real>10</real>
		</dict>
		<key>^embedded\.provisionprofile$</key>
		<dict>
			<key>weight</key>
			<real>20</real>
		</dict>
		<key>^version\.plist$</key>
		<dict>
			<key>weight</key>
			<real>20</real>
		</dict>
	</dict>
</dict>
</plist>
